GROUP,PACKAGE,CLASS,INSTRUCTION_MISSED,INSTRUCTION_COVERED,BRANCH_MISSED,BRANCH_COVERED,LINE_MISSED,LINE_COVERED,COMPLEXITY_MISSED,COMPLEXITY_COVERED,METHOD_MISSED,METHOD_COVERED
marketplace-payments,com.marketplace.payments,PaymentsController.CreateIntentRequest,0,9,0,0,0,1,0,1,0,1
marketplace-payments,com.marketplace.payments,WebhookEventRef,5,13,2,2,1,3,2,1,0,1
marketplace-payments,com.marketplace.payments,PaymentsProperties.Psp,6,0,0,0,1,0,1,0,1,0
marketplace-payments,com.marketplace.payments,StripeChannelConfiguredCondition,0,47,1,5,0,8,1,5,0,3
marketplace-payments,com.marketplace.payments,PaymentsController,18,105,2,2,2,17,2,9,1,8
marketplace-payments,com.marketplace.payments,BookingCancelledEventListener,0,21,0,0,0,7,0,3,0,3
marketplace-payments,com.marketplace.payments,PspChannel.RemoteRefund,0,12,0,0,0,1,0,1,0,1
marketplace-payments,com.marketplace.payments,PaymentsProperties,6,0,0,0,1,0,1,0,1,0
marketplace-payments,com.marketplace.payments,WebhookEventRecorder,69,64,4,0,12,14,7,5,5,5
marketplace-payments,com.marketplace.payments,PaymentsService.RefundedPayment,0,9,0,0,0,1,0,1,0,1
marketplace-payments,com.marketplace.payments,PaymentsService.RemoteRefundOutcome,0,21,0,0,0,4,0,1,0,1
marketplace-payments,com.marketplace.payments,PaymentWebhookSecurity,18,268,7,31,5,55,6,23,1,9
marketplace-payments,com.marketplace.payments,PaymentIntentMapperImpl,2,66,2,2,1,22,2,2,0,2
marketplace-payments,com.marketplace.payments,WebhookProcessingState,0,21,0,0,0,4,0,1,0,1
marketplace-payments,com.marketplace.payments,PspChannel.VerifiedWebhook,0,18,0,0,0,1,0,1,0,1
marketplace-payments,com.marketplace.payments,PaymentResponse,0,21,0,0,0,1,0,1,0,1
marketplace-payments,com.marketplace.payments,AdBillingEventListener,0,74,0,0,0,11,0,3,0,3
marketplace-payments,com.marketplace.payments,PaymentIntentStatus,0,107,1,3,0,25,1,3,0,2
marketplace-payments,com.marketplace.payments,PaymentIntentSpecifications,14,6,0,0,0,2,2,2,2,2
marketplace-payments,com.marketplace.payments,PspChannel.RefundSnapshot,0,6,0,0,0,1,0,1,0,1
marketplace-payments,com.marketplace.payments,PaymentStatus,0,75,1,3,0,17,1,3,0,2
marketplace-payments,com.marketplace.payments,PaymentMapperImpl,2,48,2,2,1,16,2,2,0,2
marketplace-payments,com.marketplace.payments,PaymentsController.ConfirmIntentRequest,0,6,0,0,0,1,0,1,0,1
marketplace-payments,com.marketplace.payments,PaymentsService.ProcessIntentResult,0,9,0,0,0,1,0,1,0,1
marketplace-payments,com.marketplace.payments,PaymentMapper,0,22,0,0,0,4,0,1,0,1
marketplace-payments,com.marketplace.payments,PaymentIntentMapper,32,0,2,0,6,0,2,0,1,0
marketplace-payments,com.marketplace.payments,PaymentsService,187,1239,19,89,41,267,28,72,10,32
marketplace-payments,com.marketplace.payments,StripePspChannel,185,138,17,13,47,36,14,9,2,6
marketplace-payments,com.marketplace.payments,WebhookInboxRecovery,33,119,2,4,9,30,4,6,3,4
marketplace-payments,com.marketplace.payments,PspChannelException,5,4,0,0,2,2,1,1,1,1
marketplace-payments,com.marketplace.payments,PaymentWebhookEvent,28,69,4,0,9,21,6,11,4,11
marketplace-payments,com.marketplace.payments,PaymentIntent,3,218,0,4,1,61,1,26,1,24
marketplace-payments,com.marketplace.payments,PaymentIntentSettlementService,9,128,1,3,1,29,3,8,2,7
marketplace-payments,com.marketplace.payments,PspChannel.RemoteIntent,0,9,0,0,0,1,0,1,0,1
marketplace-payments,com.marketplace.payments,PaymentIntentResponse,0,30,0,0,0,1,0,1,0,1
marketplace-payments,com.marketplace.payments,Payment,3,111,0,0,1,35,1,13,1,13
marketplace-payments,com.marketplace.payments,PaymentsProperties.Stripe,9,0,0,0,1,0,1,0,1,0
marketplace-payments,com.marketplace.payments.spi,PaymentRefundAdapter,0,79,1,3,0,14,1,5,0,4
marketplace-payments,com.marketplace.payments.spi,PaymentIntentLookupAdapter,0,35,0,0,0,6,0,3,0,3
